seq,timestamp,stage,stage_description,component,kind,phase,summary
1,2026-05-28T18:40:49.627302+00:00,run_initialized,"Run directory, ids, and top-level execution context were initialized.",agentbench_runner,workflow,,"Run directory, ids, and top-level execution context were initialized."
2,2026-05-28T18:40:49.627462+00:00,task_retrieved,"The sample task was loaded from SWE-bench, CSV, or JSON into AgentBench.",agentbench_runner,task_state,,"The sample task was loaded from SWE-bench, CSV, or JSON into AgentBench."
3,2026-05-28T18:40:49.874185+00:00,auto_repo_checkout_evaluated,The harness decided whether to infer and materialize the task repository automatically.,workspace_manager,workspace,,The harness decided whether to infer and materialize the task repository automatically.
4,2026-05-28T18:40:49.891913+00:00,workspace_prepared,The writable workspace or shared checkout was prepared for the task run.,workspace_manager,workspace,,The writable workspace or shared checkout was prepared for the task run.
5,2026-05-28T18:40:49.892654+00:00,workspace_path_attached_to_task,The resolved workspace path was attached back onto the task payload.,workspace_manager,task_state,,The resolved workspace path was attached back onto the task payload.
6,2026-05-28T18:40:49.894405+00:00,workflow_invocation_started,The outer runner began the handoff into the Deep Agents workflow.,agentbench_runner,workflow,,The outer runner began the handoff into the Deep Agents workflow.
7,2026-05-28T18:40:49.896407+00:00,task_workflow_started,The app-layer multi-step workflow started for this task.,deepagents_app,workflow,,The app-layer multi-step workflow started for this task.
8,2026-05-28T18:40:49.898260+00:00,task_prompt_built,The canonical task prompt was constructed from the task payload.,prompt_builder,prompt,,The canonical task prompt was constructed from the task payload. Prompt preview: You are working on one SWE-bench Pro software engineering task. Task metadata: - instance_id: instance_NodeBB__NodeBB-04998908ba6721d64eb...
9,2026-05-28T18:40:49.899967+00:00,workflow_hints_resolved,Base Dynamo and agent hints were resolved for the workflow.,deepagents_app,hints,,Base Dynamo and agent hints were resolved for the workflow.
10,2026-05-28T18:40:49.901834+00:00,baseline_agent_request_prepared,A single upstream-style baseline request context and hints were prepared.,deepagents_app,request_context,baseline_execution,A single upstream-style baseline request context and hints were prepared.
11,2026-05-28T18:40:49.903761+00:00,baseline_agent_system_prompt_loaded,The Deep Agents system and app instructions were loaded for the baseline agent invocation.,prompt_builder,prompt_context,baseline_execution,The Deep Agents system and app instructions were loaded for the baseline agent invocation.
12,2026-05-28T18:40:50.528095+00:00,baseline_agent_request_dispatched,The baseline Deep Agents request was sent from the app to the Dynamo frontend.,request_dispatch,request_dispatch,baseline_execution,The baseline Deep Agents request was sent from the app to the Dynamo frontend. Prompt preview: You are working on one SWE-bench Pro software engineering task. Task metadata: - instance_id: instance_NodeBB__NodeBB-04998908ba6721d64eb...
13,2026-05-28T18:40:50.639952Z,frontend_dynamo_runtime_observed,A frontend-side runtime observation was aligned to this request from Dynamo logs.,frontend_dynamo,runtime_observation,baseline_execution,A frontend-side runtime observation was aligned to this request from Dynamo logs.
14,2026-05-28T18:40:50.639952Z,kv_router_worker_selected,The KV router selected a worker for this request using scheduler and cache signals.,kv_router,runtime_observation,baseline_execution,The KV router selected a worker for this request using scheduler and cache signals.
15,2026-05-28T18:40:55.049330Z,sglang_worker_prefill_observed,The SGLang worker emitted a prefill-batch observation for this request.,sglang_worker,runtime_observation,baseline_execution,The SGLang worker emitted a prefill-batch observation for this request.
16,2026-05-28T18:42:23.385274+00:00,baseline_agent_response_received,The baseline Deep Agents response was received from the model.,deepagents_app,response,baseline_execution,The baseline Deep Agents response was received from the model. Response preview: It appears that there are a few issues that need to be addressed: 1. **Missing URL in `databasemock.js`**: The error message indicates th...
17,2026-05-28T18:42:23.387053+00:00,phased_requests_completed,No stage description has been defined for this lifecycle event yet.,unknown,workflow,,No stage description has been defined for this lifecycle event yet.
18,2026-05-28T18:42:23.389705+00:00,task_workflow_completed,"The app-layer workflow finished and returned plan, steps, result, and measurements.",deepagents_app,workflow,,"The app-layer workflow finished and returned plan, steps, result, and measurements."
19,2026-05-28T18:42:23.391789+00:00,workflow_invocation_completed,Control returned from the Deep Agents workflow back to the outer runner.,agentbench_runner,workflow,,Control returned from the Deep Agents workflow back to the outer runner.
20,2026-05-28T18:42:23.394180+00:00,artifact_written,A run artifact file was written to disk.,artifact_writer,artifact,planning,Artifact written: plan
21,2026-05-28T18:42:23.396185+00:00,artifact_written,A run artifact file was written to disk.,artifact_writer,artifact,,Artifact written: step_results
22,2026-05-28T18:42:23.398462+00:00,artifact_written,A run artifact file was written to disk.,artifact_writer,artifact,,Artifact written: measurements
23,2026-05-28T18:42:23.400559+00:00,artifact_written,A run artifact file was written to disk.,artifact_writer,artifact,,Artifact written: measurement_analysis
24,2026-05-28T18:42:23.402720+00:00,artifact_written,A run artifact file was written to disk.,artifact_writer,artifact,,Artifact written: measurement_analysis_markdown
25,2026-05-28T18:42:23.405047+00:00,artifact_written,A run artifact file was written to disk.,artifact_writer,artifact,,Artifact written: cache_value_analysis
26,2026-05-28T18:42:23.407129+00:00,artifact_written,A run artifact file was written to disk.,artifact_writer,artifact,,Artifact written: cache_value_analysis_markdown
27,2026-05-28T18:42:23.409651+00:00,artifact_written,A run artifact file was written to disk.,artifact_writer,artifact,,Artifact written: kv_hierarchy_analysis
28,2026-05-28T18:42:23.411836+00:00,artifact_written,A run artifact file was written to disk.,artifact_writer,artifact,,Artifact written: kv_hierarchy_analysis_markdown
29,2026-05-28T18:42:23.485655+00:00,runtime_logs_collected,Frontend and worker runtime logs were collected after the run.,runtime_log_collector,runtime_observation,,Frontend and worker runtime logs were collected after the run.
30,2026-05-28T18:42:23.497914+00:00,runtime_events_built,Runtime-side observations were transformed into structured runtime events.,runtime_event_builder,runtime_observation,,Runtime-side observations were transformed into structured runtime events.
31,2026-05-28T18:42:23.500571+00:00,artifact_written,A run artifact file was written to disk.,artifact_writer,artifact,,Artifact written: runtime_events_jsonl
32,2026-05-28T18:42:23.503838+00:00,artifact_written,A run artifact file was written to disk.,artifact_writer,artifact,,Artifact written: runtime_events
33,2026-05-28T18:42:23.508875+00:00,artifact_written,A run artifact file was written to disk.,artifact_writer,artifact,,Artifact written: runtime_alignment_analysis
34,2026-05-28T18:42:23.511565+00:00,artifact_written,A run artifact file was written to disk.,artifact_writer,artifact,,Artifact written: runtime_alignment_analysis_markdown
35,2026-05-28T18:42:23.521007+00:00,artifact_written,A run artifact file was written to disk.,artifact_writer,artifact,,Artifact written: runtime_hint_alignment_analysis
36,2026-05-28T18:42:23.523815+00:00,artifact_written,A run artifact file was written to disk.,artifact_writer,artifact,,Artifact written: runtime_hint_alignment_analysis_markdown
37,2026-05-28T18:42:23.526543+00:00,artifact_written,A run artifact file was written to disk.,artifact_writer,artifact,synthesis,Artifact written: final_summary
38,2026-05-28T18:42:23.568570+00:00,workspace_artifacts_collected,"Workspace patch, git status, and diff artifacts were collected.",workspace_manager,workspace,,"Workspace patch, git status, and diff artifacts were collected."
39,2026-05-28T18:42:23.574708+00:00,artifact_written,A run artifact file was written to disk.,artifact_writer,artifact,,Artifact written: prompt_evolution_report
40,2026-05-28T18:42:23.577915+00:00,artifact_written,A run artifact file was written to disk.,artifact_writer,artifact,,Artifact written: prompt_evolution_report_markdown
41,2026-05-28T18:42:23.591137+00:00,artifact_written,A run artifact file was written to disk.,artifact_writer,artifact,,Artifact written: prompt_evolution_report_table
42,2026-05-28T18:42:23.599288+00:00,artifact_written,A run artifact file was written to disk.,artifact_writer,artifact,,Artifact written: prompt_evolution_values_index
43,2026-05-28T18:42:23.602018+00:00,artifact_written,A run artifact file was written to disk.,artifact_writer,artifact,,Artifact written: prompt_evolution_values_task_input
44,2026-05-28T18:42:23.604768+00:00,artifact_written,A run artifact file was written to disk.,artifact_writer,artifact,,Artifact written: prompt_evolution_values_formatted_prompt
45,2026-05-28T18:42:23.607511+00:00,artifact_written,A run artifact file was written to disk.,artifact_writer,artifact,,Artifact written: prompt_evolution_values_final_model_request
46,2026-05-28T18:42:23.610276+00:00,artifact_written,A run artifact file was written to disk.,artifact_writer,artifact,,Artifact written: prompt_evolution_values_system_context
47,2026-05-28T18:42:23.613078+00:00,artifact_written,A run artifact file was written to disk.,artifact_writer,artifact,,Artifact written: prompt_evolution_values_tool_runtime_context
48,2026-05-28T18:42:23.615885+00:00,artifact_written,A run artifact file was written to disk.,artifact_writer,artifact,,Artifact written: prompt_evolution_values_runtime_preprocessing
49,2026-05-28T18:42:23.618709+00:00,artifact_written,A run artifact file was written to disk.,artifact_writer,artifact,,Artifact written: prompt_evolution_values_model_behavior
50,2026-05-28T18:42:23.628835+00:00,artifact_written,A run artifact file was written to disk.,artifact_writer,artifact,,Artifact written: measurements_table
51,2026-05-28T18:42:23.635111+00:00,artifact_written,A run artifact file was written to disk.,artifact_writer,artifact,,Artifact written: measurement_analysis_table
52,2026-05-28T18:42:23.640412+00:00,artifact_written,A run artifact file was written to disk.,artifact_writer,artifact,,Artifact written: measurement_summary_table
53,2026-05-28T18:42:23.646319+00:00,artifact_written,A run artifact file was written to disk.,artifact_writer,artifact,,Artifact written: cache_value_table
54,2026-05-28T18:42:23.650589+00:00,artifact_written,A run artifact file was written to disk.,artifact_writer,artifact,,Artifact written: cache_value_summary_table
55,2026-05-28T18:42:23.654638+00:00,artifact_written,A run artifact file was written to disk.,artifact_writer,artifact,,Artifact written: kv_hierarchy_table
56,2026-05-28T18:42:23.657131+00:00,artifact_written,A run artifact file was written to disk.,artifact_writer,artifact,,Artifact written: kv_hierarchy_summary_table
57,2026-05-28T18:42:23.666683+00:00,artifact_written,A run artifact file was written to disk.,artifact_writer,artifact,,Artifact written: runtime_events_table
58,2026-05-28T18:42:23.670023+00:00,artifact_written,A run artifact file was written to disk.,artifact_writer,artifact,,Artifact written: runtime_alignment_table
59,2026-05-28T18:42:23.672753+00:00,artifact_written,A run artifact file was written to disk.,artifact_writer,artifact,,Artifact written: runtime_alignment_summary_table
60,2026-05-28T18:42:23.676215+00:00,artifact_written,A run artifact file was written to disk.,artifact_writer,artifact,,Artifact written: runtime_hint_alignment_table
61,2026-05-28T18:42:23.679215+00:00,artifact_written,A run artifact file was written to disk.,artifact_writer,artifact,,Artifact written: runtime_hint_alignment_summary_table
62,2026-05-28T18:42:23.684064+00:00,artifact_written,A run artifact file was written to disk.,artifact_writer,artifact,,Artifact written: run_summary_table
